{"cameraMode":{"drawMode":0,"name":"Shaded","section":"Shading Mode"},"sceneLighting":true,"audioPlay":false,"sceneViewState":{"m_AlwaysRefresh":false,"showFog":true,"showSkybox":true,"showFlares":true,"showImageEffects":true,"showParticleSystems":true,"showVisualEffectGraphs":true,"m_FxEnabled":true},"in2DMode":false,"pivot":{"x":19.112102508544923,"y":0.2849706709384918,"z":-48.34113311767578},"rotation":{"x":-0.004078973084688187,"y":0.9912410378456116,"z":-0.12859274446964265,"w":-0.030923353508114816},"size":0.02322867326438427,"orthographic":false}